{
  "timestamp": "2025-04-16T05:52:24.436Z",
  "summary": {
    "totalJS": 408,
    "totalCSS": 20,
    "totalHTML": 70
  },
  "functions": [
    "A",
    "AsyncFromSyncIterator",
    "AsyncFromSyncIteratorContinuation",
    "AsyncIterator",
    "At",
    "Axios",
    "AxiosError",
    "AxiosHeaders",
    "AxiosURLSearchParams",
    "C",
    "CancelToken",
    "CanceledError",
    "CombinedStream",
    "Context",
    "CustomError",
    "DelayedStream",
    "E",
    "Ee",
    "Empty",
    "Fe",
    "FormData",
    "G",
    "Ge",
    "Generator",
    "GeneratorFunction",
    "GeneratorFunctionPrototype",
    "GetIntrinsic",
    "He",
    "InterceptorManager",
    "K",
    "Ke",
    "L",
    "Me",
    "Ne",
    "O",
    "Oe",
    "P",
    "Pt",
    "Q",
    "R",
    "ROTL",
    "Re",
    "ReadableAsyncKit",
    "ReadableParallel",
    "ReadableSerial",
    "ReadableSerialOrdered",
    "RedirectableRequest",
    "RequireObjectCoercible",
    "S",
    "Se",
    "T",
    "Te",
    "ToObject",
    "Ue",
    "V",
    "Ve",
    "W",
    "X",
    "Xe",
    "Y",
    "Ye",
    "Ze",
    "_AsyncGenerator",
    "_OverloadYield",
    "_arrayLikeToArray",
    "_arrayWithHoles",
    "_arrayWithoutHoles",
    "_asyncGeneratorDelegate",
    "_asyncIterator",
    "_asyncToGenerator",
    "_awaitAsyncGenerator",
    "_callee",
    "_callee2",
    "_callee3",
    "_callee4",
    "_classCallCheck",
    "_createClass",
    "_createForOfIteratorHelper",
    "_defineProperties",
    "_defineProperty",
    "_delete",
    "_global",
    "_interopRequireDefault",
    "_iterableToArray",
    "_iterableToArrayLimit",
    "_minWidth",
    "_next",
    "_nonIterableRest",
    "_nonIterableSpread",
    "_objectSpread2",
    "_onFinish",
    "_read",
    "_regeneratorRuntime",
    "_reject",
    "_request",
    "_resolve",
    "_setImmediate",
    "_slicedToArray",
    "_start",
    "_throw",
    "_toArray",
    "_toConsumableArray",
    "_toPrimitive",
    "_toPropertyKey",
    "_typeof",
    "_unsupportedIterableToArray",
    "_wrapAsyncGenerator",
    "a",
    "abort",
    "accessor",
    "addBorder",
    "alignCenter",
    "alignRight",
    "all",
    "ansiRegex",
    "append",
    "applyBind",
    "arrayToObject",
    "ascending",
    "assembleStyles",
    "assertOptions",
    "assertValidPattern",
    "assignValue",
    "async",
    "asyncDecorator",
    "asyncGeneratorStep",
    "async_callback",
    "b",
    "balanced",
    "bark",
    "be",
    "beforeRedirect",
    "bind",
    "bitRotateLeft",
    "braceEscape",
    "braceExpand",
    "build",
    "buildAccessors",
    "buildAddressEntry",
    "buildFullPath",
    "buildFunctionMap",
    "buildGraph",
    "buildInventory",
    "buildPath",
    "buildSessionSeed",
    "buildStructure",
    "buildURL",
    "bytesToWords",
    "c",
    "callBindBasic",
    "callInvokeWithMethodAndArg",
    "callbackify",
    "cancel",
    "cb",
    "charset",
    "checkAPI",
    "checkMode",
    "checkPathExt",
    "checkStat",
    "childHangup",
    "clean",
    "clear",
    "clearTimer",
    "cliui",
    "closeModal",
    "combineURLs",
    "comparativeDistance",
    "composeSignals",
    "computeConfigValue",
    "concat",
    "concatty",
    "contentType",
    "convertValue",
    "create",
    "createErrorType",
    "createInstance",
    "d",
    "de",
    "defaultToConfig2",
    "defaultVisitor",
    "defaults",
    "defer",
    "define",
    "defineAccessor",
    "defineIteratorMethods",
    "defined",
    "deleteHeader",
    "deprecatedMethod",
    "deriveBFS",
    "descending",
    "deslash",
    "destroy",
    "destroyOnTimeout",
    "destroyRequest",
    "detectShebang",
    "detectUnsupportedEnvironment",
    "dispatchBeforeRedirect",
    "dispatchHttpRequest",
    "dispatchRequest",
    "dispatchXhrRequest",
    "doEval",
    "done",
    "dotStarTest",
    "e",
    "each",
    "eb",
    "ee",
    "eject",
    "embrace",
    "emitWarning",
    "encode",
    "endsWith",
    "entToType",
    "escape",
    "escapeArgument",
    "escapeBraces",
    "escapeCommand",
    "exec",
    "executor",
    "expand",
    "expandTop",
    "ext",
    "extend",
    "extension",
    "extractCSSClasses",
    "extractClassNamesFromCSS",
    "extractClassUsageFromHTML",
    "extractFunctions",
    "extractFunctionsFromFile",
    "extractHTMLTags",
    "f",
    "fetchFail",
    "fillTemplate",
    "filter",
    "filterByTag",
    "findKey",
    "findPackageJson",
    "finisher",
    "flush",
    "flushOnFinish",
    "forEach",
    "forEachEntry",
    "forEachHandler",
    "forEachMethodNoData",
    "forEachMethodWithData",
    "forEachMimeType",
    "foregroundChild",
    "formDataToJSON",
    "formDataToStream",
    "formatHeader",
    "formatMessage",
    "freezeMethods",
    "from",
    "fromDataURI",
    "fromEnvVal",
    "fsFromOption",
    "g",
    "ge",
    "generateHTTPMethod",
    "generateMoodScan",
    "generateNovaDream",
    "generateNovaInsight",
    "generateNovaText",
    "generatePrompt",
    "generateString",
    "generateUUID",
    "get",
    "getAdapter",
    "getBaseIntrinsic",
    "getBodyLength",
    "getDunder",
    "getEnv",
    "getImages",
    "getMergedValue",
    "getNotFoundError",
    "getNow",
    "getOutputLength",
    "getPathInfo",
    "getProto",
    "getProxyForUrl",
    "getRecentCommits",
    "getUintArray",
    "getUri",
    "getVersionInfo",
    "getWindowWidth",
    "globIterate",
    "globIterateSync",
    "globStream",
    "globStreamSync",
    "globSync",
    "glob_",
    "gte",
    "h",
    "handle",
    "handleAbort",
    "handleError",
    "handleLoad",
    "handleRequestError",
    "handleRequestSocket",
    "handleRequestTimeout",
    "handleResponse",
    "handleStreamData",
    "handleStreamEnd",
    "handleStreamError",
    "handleTimeout",
    "handlerStreamAborted",
    "has",
    "hasMagic",
    "hasNativeSymbols",
    "hasOwnProperty",
    "hasStandardBrowserWebWorkerEnv",
    "hasSymbols",
    "hasToStringTag",
    "hasToStringTagShams",
    "headers",
    "headersToObject",
    "hookChildProcess",
    "httpAdapter",
    "httpMethod",
    "i",
    "indent",
    "inherits",
    "initBanners",
    "initHero",
    "initNovaStatus",
    "initToggles",
    "initVersion",
    "injectDreamLog",
    "injectMarkdown",
    "invoke",
    "isAbsoluteURL",
    "isArrayBufferLike",
    "isArrayBufferView",
    "isAxiosError",
    "isBoolean",
    "isBuffer",
    "isCancel",
    "isConfigOption",
    "isConfigOptionOfType",
    "isConfigType",
    "isContextDefined",
    "isDescription",
    "isEncodingOptions",
    "isEndish",
    "isExtglobType",
    "isFinite",
    "isFlatArray",
    "isFormData",
    "isFunction",
    "isGlobList",
    "isHeading",
    "isInteger",
    "isNaN",
    "isNegativeZero",
    "isObject",
    "isObjectModeOptions",
    "isPadded",
    "isPatternList",
    "isPlainObject",
    "isPosInt",
    "isPromise",
    "isReadable",
    "isResolvedHandle",
    "isSpecCompliantForm",
    "isStream",
    "isString",
    "isSubdomain",
    "isThenable",
    "isURL",
    "isValidHeaderName",
    "isValidOption",
    "isValidValue",
    "isVisitable",
    "isWritable",
    "isexe",
    "it",
    "iterate",
    "iteratorHandler",
    "j",
    "jack",
    "joinTypes",
    "k",
    "ke",
    "kindOfTest",
    "l",
    "link",
    "listener",
    "load",
    "loadApiMonitor",
    "loadAwarenessLogs",
    "loadCodeMap",
    "loadFunctionMap",
    "loadImageInventoryGrid",
    "loadNovaMoodCard",
    "loadNovaThought",
    "loadNovaVisionKey",
    "loadPackageJson",
    "loadPromptHistory",
    "loadUnusedCSSReport",
    "loadVersionAndMood",
    "lookup",
    "lte",
    "m",
    "makeDynamicStyles",
    "makeIgnore",
    "makeInvokeMethod",
    "makeRe",
    "match",
    "matchAll",
    "matchHeaderValue",
    "maybeInvokeDelegate",
    "maybeMatch",
    "md5",
    "md5ToHexEncodedArray",
    "md5cmn",
    "md5ff",
    "md5gg",
    "md5hh",
    "md5ii",
    "me",
    "merge",
    "mergeConfig",
    "mergeDeepProperties",
    "mergeDirectKeys",
    "minimatch",
    "mod",
    "n",
    "next",
    "nextTick_callback",
    "nodefer",
    "noop",
    "normalize",
    "normalizeFgArgs",
    "normalizeHeader",
    "normalizeMarkdown",
    "normalizeNocase",
    "normalizeOneLine",
    "normalizeValue",
    "notFoundError",
    "nt",
    "numeric",
    "o",
    "onAdapterRejection",
    "onAdapterResolution",
    "onCanceled",
    "onExit",
    "onFinished",
    "onReaddir",
    "onabort",
    "ondata",
    "ondestroy",
    "onend",
    "onerr",
    "onloadend",
    "ownKeys",
    "p",
    "parallel",
    "parse",
    "parseClass",
    "parseCommaParts",
    "parseNonShell",
    "parsePropPath",
    "parseProtocol",
    "parseTokens",
    "parseUrl",
    "parser",
    "pathKey",
    "pcall",
    "pick",
    "pickRandomQuote",
    "populateMaps",
    "process",
    "processOk",
    "progressEventDecorator",
    "progressEventReducer",
    "promiseExecutor",
    "propertyIsEnumerable",
    "proxySignals",
    "pull",
    "pump",
    "push",
    "pushChunk",
    "pushResponseInterceptors",
    "pushTryEntry",
    "qmarksTest",
    "qmarksTestDot",
    "qmarksTestNoExt",
    "qmarksTestNoExtDot",
    "qmarksTestNocase",
    "qmarksTestNocaseDot",
    "r",
    "randomFrom",
    "range",
    "rangesToString",
    "read",
    "readBytes",
    "readJSON",
    "readShebang",
    "readStream",
    "recordTelemetry",
    "reduceDescriptors",
    "regExpEscape",
    "regexpEscape",
    "reject",
    "remove",
    "removeBrackets",
    "removeMatchingHeaders",
    "renderCodeFootprintChart",
    "renderKey",
    "renderList",
    "renderProgress",
    "renderProjects",
    "renderReason",
    "renderStatusLED",
    "replacer",
    "request",
    "reset",
    "resetTryEntry",
    "resolveBodyLength",
    "resolveCommand",
    "resolveCommandAttempt",
    "resolveConfig",
    "resolveFamily",
    "resolveUrl",
    "resume",
    "rgb2rgb",
    "rng",
    "rotateSlides",
    "run",
    "runJob",
    "runMonitor",
    "runSymbolTests",
    "runTest",
    "runWithEnv",
    "s",
    "safeAdd",
    "scanComponentFiles",
    "scanDir",
    "scanDirectory",
    "serial",
    "serialOrdered",
    "set",
    "setDefault",
    "setDunder",
    "setHeader",
    "setHeaders",
    "setLazyProperty",
    "setNoBool",
    "setProxy",
    "setRequestHeader",
    "setToStringTag",
    "settle",
    "setupMobileNav",
    "setupThemeToggle",
    "sha1",
    "shouldProxy",
    "shouldWarn",
    "showModal",
    "sign",
    "signalExitWrap",
    "slicy",
    "source",
    "spawn",
    "spawnSync",
    "speedometer",
    "spelling",
    "spread",
    "spreadUrlObject",
    "starDotExtTest",
    "starDotExtTestDot",
    "starDotExtTestNocase",
    "starDotExtTestNocaseDot",
    "starDotStarTest",
    "starDotStarTestDot",
    "starTest",
    "starTestDot",
    "startTimer",
    "state",
    "stop",
    "streamChunk",
    "streamer",
    "stringToArray",
    "stringToBytes",
    "stringToPath",
    "stringWidth",
    "stringify",
    "stringifySafely",
    "stripAnsi",
    "stripBOM",
    "subStep",
    "subscribe",
    "sync",
    "t",
    "terminator",
    "test",
    "testDreamAPI",
    "testProxyUrl",
    "testQuoteAPI",
    "throttle",
    "throttled",
    "throwIfCancellationRequested",
    "throwIfRequested",
    "toAbortSignal",
    "toArray",
    "toCamelCase",
    "toEnvKey",
    "toEnvVal",
    "toFiniteNumber",
    "toFlatObject",
    "toFormData",
    "toJSON",
    "toJSONObject",
    "toObjectSet",
    "toParseArgsOptionsConfig",
    "toString",
    "toURLEncodedForm",
    "trackStream",
    "transform",
    "transformChunk",
    "transformData",
    "transformNextChunk",
    "transformRequest",
    "transformResponse",
    "transitional",
    "trim",
    "tryCatch",
    "typeOfTest",
    "u",
    "ue",
    "uncToDrive",
    "undefOrType",
    "undefOrTypeArray",
    "unescape",
    "unescapeBraces",
    "unload",
    "unproxy",
    "unsafeStringify",
    "unshiftRequestInterceptors",
    "unsubscribe",
    "updateLiveQuote",
    "usage",
    "use",
    "v",
    "v1",
    "v35",
    "v4",
    "validate",
    "validateField",
    "validateFieldMeta",
    "validateStatus",
    "validateUrl",
    "validateValidOptions",
    "validator",
    "value",
    "valueFromConfig2",
    "valueType",
    "values",
    "verifyENOENT",
    "verifyENOENTSync",
    "version",
    "visit",
    "visitor",
    "w",
    "walk",
    "warnACPolyfill",
    "watchdog",
    "which",
    "whichSync",
    "wordsToMd5",
    "wrap",
    "wrapAnsi",
    "wrapAnsi16",
    "wrapAnsi16m",
    "wrapAnsi256",
    "wrapAsync",
    "wrapCallback",
    "wrapConversion",
    "wrapIterator",
    "wrapIteratorCallback",
    "wrapRaw",
    "wrapRounded",
    "wrapWord",
    "write",
    "writeChangelog",
    "writeCodeMap",
    "writeNext",
    "x",
    "y",
    "ye",
    "z",
    "ze"
  ],
  "cssClasses": [
    "02",
    "03",
    "05",
    "05em",
    "06",
    "08",
    "1",
    "15rem",
    "1em",
    "1rem",
    "2",
    "25rem",
    "2em",
    "2rem",
    "2s",
    "3",
    "33",
    "3rem",
    "3s",
    "4",
    "4em",
    "4rem",
    "5",
    "5em",
    "5rem",
    "5s",
    "6",
    "67",
    "6rem",
    "6s",
    "7",
    "75rem",
    "8",
    "85",
    "85em",
    "8rem",
    "9",
    "95",
    "95em",
    "95rem",
    "9em",
    "9rem",
    "active",
    "api-monitor",
    "aura-tag",
    "banner",
    "banner-close",
    "banner-container",
    "banner-icon",
    "card-content",
    "card-icon",
    "card-image",
    "card-section",
    "code-footprint",
    "contact-form",
    "content-section",
    "css",
    "fail",
    "filter-label",
    "filter-pill",
    "filter-toggle-group",
    "footer",
    "footer-social",
    "form-status",
    "function-map",
    "grid-col-12",
    "grid-col-2",
    "grid-col-3",
    "grid-col-4",
    "grid-col-6",
    "grid-container",
    "grid-row",
    "hero",
    "hero-content",
    "hero-headline",
    "hero-headlines",
    "hero-loading",
    "hero-slide",
    "hero-slides",
    "hero-subheadline",
    "hero-subheadlines",
    "hidden",
    "icon-only",
    "image-caption",
    "image-grid",
    "image-inventory",
    "image-tile",
    "iridescent-pulse",
    "loading-bar",
    "loading-icon",
    "loading-progress",
    "memory-seed",
    "mini-hero",
    "mini-hero-img",
    "modal",
    "modal-backdrop",
    "modal-close",
    "modal-content",
    "mood-tag",
    "nav",
    "nav-container",
    "nav-content",
    "nav-links",
    "nav-logo",
    "nav-logo-text",
    "nav-overlay",
    "nav-subheading",
    "nav-toggle",
    "nav-utility",
    "neon-card",
    "nova-alert",
    "nova-badge",
    "nova-badge-group",
    "nova-card",
    "nova-dashboard",
    "nova-image-output",
    "nova-manifesto",
    "nova-memory-header",
    "nova-mood",
    "nova-quip",
    "nova-status-display",
    "nova-sync-time",
    "nova-table",
    "nova-thought",
    "nova-voice",
    "ok",
    "progress-bar",
    "progress-fill",
    "pulse-item",
    "pulse-wrap",
    "recent-updates",
    "script-block",
    "section-header",
    "social-links",
    "soon-tag",
    "subtitle",
    "system-pulse",
    "toggle-btn",
    "unused",
    "unused-css-report",
    "used"
  ],
  "htmlTags": [
    "a",
    "blockquote",
    "body",
    "br",
    "button",
    "canvas",
    "code",
    "div",
    "em",
    "footer",
    "form",
    "h1",
    "h2",
    "h3",
    "h4",
    "head",
    "header",
    "html",
    "i",
    "img",
    "input",
    "label",
    "li",
    "link",
    "main",
    "meta",
    "nav",
    "ol",
    "p",
    "path",
    "pre",
    "script",
    "section",
    "span",
    "strong",
    "style",
    "svg",
    "table",
    "tbody",
    "td",
    "textarea",
    "th",
    "thead",
    "title",
    "tr",
    "ul"
  ]
}