{
  "timestamp": "2025-04-23T13:27:48.357Z",
  "summary": {
    "totalJS": 458,
    "totalCSS": 30,
    "totalHTML": 85
  },
  "functions": [
    "A",
    "AcquireReadableStreamAsyncIterator",
    "AcquireReadableStreamBYOBReader",
    "AcquireReadableStreamDefaultReader",
    "AcquireWritableStreamDefaultWriter",
    "Ae",
    "Ar",
    "ArrayBufferSlice",
    "AsyncFromSyncIterator",
    "AsyncFromSyncIteratorContinuation",
    "AsyncIterator",
    "At",
    "Axios",
    "AxiosError",
    "AxiosHeaders",
    "AxiosURLSearchParams",
    "B",
    "Be",
    "Br",
    "Bt",
    "ByteLengthQueuingStrategy",
    "C",
    "CancelToken",
    "CanceledError",
    "Ce",
    "CloneAsUint8Array",
    "CombinedStream",
    "Context",
    "CopyDataBlockBytes",
    "CountQueuingStrategy",
    "Cr",
    "CreateArrayFromList",
    "CreateAsyncFromSyncIterator",
    "CreateReadableByteStream",
    "CreateReadableStream",
    "CreateWritableStream",
    "Ct",
    "CustomError",
    "D",
    "DOMException",
    "De",
    "DelayedStream",
    "DequeueValue",
    "Dr",
    "Dt",
    "E",
    "Ee",
    "Empty",
    "EnqueueValueWithSize",
    "Er",
    "Et",
    "ExtractHighWaterMark",
    "ExtractSizeAlgorithm",
    "F",
    "Fe",
    "File",
    "FormData",
    "Fr",
    "Ft",
    "G",
    "Ge",
    "Generator",
    "GeneratorFunction",
    "GeneratorFunctionPrototype",
    "GetIntrinsic",
    "GetIterator",
    "GetMethod",
    "Gr",
    "Gt",
    "H",
    "He",
    "Hr",
    "Ht",
    "I",
    "Ie",
    "InitializeReadableStream",
    "InitializeTransformStream",
    "InitializeWritableStream",
    "InterceptorManager",
    "Ir",
    "IsByteLengthQueuingStrategy",
    "IsCountQueuingStrategy",
    "IsNonNegativeNumber",
    "IsReadableByteStreamController",
    "IsReadableStream",
    "IsReadableStreamAsyncIterator",
    "IsReadableStreamBYOBReader",
    "IsReadableStreamBYOBRequest",
    "IsReadableStreamDefaultController",
    "IsReadableStreamDefaultReader",
    "IsReadableStreamLocked",
    "IsTransformStream",
    "IsTransformStreamDefaultController",
    "IsWritableStream",
    "IsWritableStreamDefaultController",
    "IsWritableStreamDefaultWriter",
    "IsWritableStreamLocked",
    "It",
    "IteratorComplete",
    "IteratorNext",
    "IteratorValue",
    "J",
    "Je",
    "Jr",
    "Jt",
    "K",
    "Ke",
    "Kr",
    "Kt",
    "L",
    "Le",
    "Lr",
    "Lt",
    "M",
    "Me",
    "Mr",
    "Mt",
    "N",
    "Ne",
    "Nr",
    "Nt",
    "O",
    "Oe",
    "Or",
    "Ot",
    "P",
    "Pe",
    "PeekQueueValue",
    "PerformPromiseThen",
    "Pr",
    "Pt",
    "Q",
    "Qe",
    "Qr",
    "Qt",
    "R",
    "ROTL",
    "Re",
    "ReadableAsyncKit",
    "ReadableByteStreamController",
    "ReadableByteStreamControllerCallPullIfNeeded",
    "ReadableByteStreamControllerClearAlgorithms",
    "ReadableByteStreamControllerClearPendingPullIntos",
    "ReadableByteStreamControllerClose",
    "ReadableByteStreamControllerCommitPullIntoDescriptor",
    "ReadableByteStreamControllerConvertPullIntoDescriptor",
    "ReadableByteStreamControllerEnqueue",
    "ReadableByteStreamControllerEnqueueChunkToQueue",
    "ReadableByteStreamControllerEnqueueClonedChunkToQueue",
    "ReadableByteStreamControllerEnqueueDetachedPullIntoToQueue",
    "ReadableByteStreamControllerError",
    "ReadableByteStreamControllerFillHeadPullIntoDescriptor",
    "ReadableByteStreamControllerFillPullIntoDescriptorFromQueue",
    "ReadableByteStreamControllerFillReadRequestFromQueue",
    "ReadableByteStreamControllerGetBYOBRequest",
    "ReadableByteStreamControllerGetDesiredSize",
    "ReadableByteStreamControllerHandleQueueDrain",
    "ReadableByteStreamControllerInvalidateBYOBRequest",
    "ReadableByteStreamControllerProcessPullIntoDescriptorsUsingQueue",
    "ReadableByteStreamControllerProcessReadRequestsUsingQueue",
    "ReadableByteStreamControllerPullInto",
    "ReadableByteStreamControllerRespond",
    "ReadableByteStreamControllerRespondInClosedState",
    "ReadableByteStreamControllerRespondInReadableState",
    "ReadableByteStreamControllerRespondInternal",
    "ReadableByteStreamControllerRespondWithNewView",
    "ReadableByteStreamControllerShiftPendingPullInto",
    "ReadableByteStreamControllerShouldCallPull",
    "ReadableByteStreamTee",
    "ReadableParallel",
    "ReadableSerial",
    "ReadableSerialOrdered",
    "ReadableStream",
    "ReadableStreamAddReadIntoRequest",
    "ReadableStreamAddReadRequest",
    "ReadableStreamAsyncIteratorImpl",
    "ReadableStreamBYOBReader",
    "ReadableStreamBYOBReaderErrorReadIntoRequests",
    "ReadableStreamBYOBReaderRead",
    "ReadableStreamBYOBReaderRelease",
    "ReadableStreamBYOBRequest",
    "ReadableStreamCancel",
    "ReadableStreamClose",
    "ReadableStreamDefaultController",
    "ReadableStreamDefaultControllerCallPullIfNeeded",
    "ReadableStreamDefaultControllerCanCloseOrEnqueue",
    "ReadableStreamDefaultControllerClearAlgorithms",
    "ReadableStreamDefaultControllerClose",
    "ReadableStreamDefaultControllerEnqueue",
    "ReadableStreamDefaultControllerError",
    "ReadableStreamDefaultControllerGetDesiredSize",
    "ReadableStreamDefaultControllerHasBackpressure",
    "ReadableStreamDefaultControllerShouldCallPull",
    "ReadableStreamDefaultReader",
    "ReadableStreamDefaultReaderErrorReadRequests",
    "ReadableStreamDefaultReaderRead",
    "ReadableStreamDefaultReaderRelease",
    "ReadableStreamDefaultTee",
    "ReadableStreamError",
    "ReadableStreamFrom",
    "ReadableStreamFromDefaultReader",
    "ReadableStreamFromIterable",
    "ReadableStreamFulfillReadIntoRequest",
    "ReadableStreamFulfillReadRequest",
    "ReadableStreamGetNumReadIntoRequests",
    "ReadableStreamGetNumReadRequests",
    "ReadableStreamHasBYOBReader",
    "ReadableStreamHasDefaultReader",
    "ReadableStreamPipeTo",
    "ReadableStreamReaderGenericCancel",
    "ReadableStreamReaderGenericInitialize",
    "ReadableStreamReaderGenericRelease",
    "ReadableStreamTee",
    "RedirectableRequest",
    "RequireObjectCoercible",
    "ResetQueue",
    "Rn",
    "Rr",
    "Rt",
    "S",
    "Se",
    "SetUpReadableByteStreamController",
    "SetUpReadableByteStreamControllerFromUnderlyingSource",
    "SetUpReadableStreamBYOBRequest",
    "SetUpReadableStreamDefaultController",
    "SetUpReadableStreamDefaultControllerFromUnderlyingSource",
    "SetUpTransformStreamDefaultController",
    "SetUpTransformStreamDefaultControllerFromTransformer",
    "SetUpWritableStreamDefaultController",
    "SetUpWritableStreamDefaultControllerFromUnderlyingSink",
    "SimpleQueue",
    "Sn",
    "Sr",
    "St",
    "T",
    "Te",
    "Tn",
    "ToObject",
    "Tr",
    "TransformStream",
    "TransformStreamDefaultController",
    "TransformStreamDefaultControllerClearAlgorithms",
    "TransformStreamDefaultControllerEnqueue",
    "TransformStreamDefaultControllerError",
    "TransformStreamDefaultControllerPerformTransform",
    "TransformStreamDefaultControllerTerminate",
    "TransformStreamDefaultSinkAbortAlgorithm",
    "TransformStreamDefaultSinkCloseAlgorithm",
    "TransformStreamDefaultSinkWriteAlgorithm",
    "TransformStreamDefaultSourceCancelAlgorithm",
    "TransformStreamDefaultSourcePullAlgorithm",
    "TransformStreamError",
    "TransformStreamErrorWritableAndUnblockWrite",
    "TransformStreamSetBackpressure",
    "TransformStreamUnblockWrite",
    "Tt",
    "U",
    "Ue",
    "Ur",
    "Ut",
    "V",
    "Ve",
    "Vr",
    "Vt",
    "W",
    "We",
    "Wr",
    "WritableStream",
    "WritableStreamAbort",
    "WritableStreamAddWriteRequest",
    "WritableStreamClose",
    "WritableStreamCloseQueuedOrInFlight",
    "WritableStreamDealWithRejection",
    "WritableStreamDefaultController",
    "WritableStreamDefaultControllerAdvanceQueueIfNeeded",
    "WritableStreamDefaultControllerClearAlgorithms",
    "WritableStreamDefaultControllerClose",
    "WritableStreamDefaultControllerError",
    "WritableStreamDefaultControllerErrorIfNeeded",
    "WritableStreamDefaultControllerGetBackpressure",
    "WritableStreamDefaultControllerGetChunkSize",
    "WritableStreamDefaultControllerGetDesiredSize",
    "WritableStreamDefaultControllerProcessClose",
    "WritableStreamDefaultControllerProcessWrite",
    "WritableStreamDefaultControllerWrite",
    "WritableStreamDefaultWriter",
    "WritableStreamDefaultWriterAbort",
    "WritableStreamDefaultWriterClose",
    "WritableStreamDefaultWriterCloseWithErrorPropagation",
    "WritableStreamDefaultWriterEnsureClosedPromiseRejected",
    "WritableStreamDefaultWriterEnsureReadyPromiseRejected",
    "WritableStreamDefaultWriterGetDesiredSize",
    "WritableStreamDefaultWriterRelease",
    "WritableStreamDefaultWriterWrite",
    "WritableStreamFinishErroring",
    "WritableStreamFinishInFlightClose",
    "WritableStreamFinishInFlightCloseWithError",
    "WritableStreamFinishInFlightWrite",
    "WritableStreamFinishInFlightWriteWithError",
    "WritableStreamHasOperationMarkedInFlight",
    "WritableStreamMarkCloseRequestInFlight",
    "WritableStreamMarkFirstWriteRequestInFlight",
    "WritableStreamRejectCloseAndClosedPromiseIfNeeded",
    "WritableStreamStartErroring",
    "WritableStreamUpdateBackpressure",
    "Wt",
    "X",
    "Xe",
    "Xr",
    "Xt",
    "Y",
    "Ye",
    "Yr",
    "Yt",
    "Z",
    "Ze",
    "Zr",
    "Zt",
    "_",
    "_AsyncGenerator",
    "_OverloadYield",
    "__asyncDelegator",
    "__asyncGenerator",
    "__asyncValues",
    "__await",
    "__generator",
    "__values",
    "_arrayLikeToArray",
    "_arrayWithHoles",
    "_arrayWithoutHoles",
    "_asyncGeneratorDelegate",
    "_asyncIterator",
    "_asyncToGenerator",
    "_awaitAsyncGenerator",
    "_callee",
    "_callee2",
    "_callee3",
    "_callee4",
    "_classCallCheck",
    "_createClass",
    "_createForOfIteratorHelper",
    "_defineProperties",
    "_defineProperty",
    "_delete",
    "_e",
    "_fileName",
    "_global",
    "_interopRequireDefault",
    "_iterableToArray",
    "_iterableToArrayLimit",
    "_minWidth",
    "_n",
    "_next",
    "_nonIterableRest",
    "_nonIterableSpread",
    "_objectSpread2",
    "_onFinish",
    "_r",
    "_read",
    "_regeneratorRuntime",
    "_reject",
    "_request",
    "_resolve",
    "_setImmediate",
    "_slicedToArray",
    "_start",
    "_t",
    "_throw",
    "_toArray",
    "_toConsumableArray",
    "_toPrimitive",
    "_toPropertyKey",
    "_typeof",
    "_unsupportedIterableToArray",
    "_wrapAsyncGenerator",
    "a",
    "abort",
    "abortAlgorithm",
    "abortAndFinalize",
    "accessor",
    "addBorder",
    "alignCenter",
    "alignRight",
    "all",
    "an",
    "ansiRegex",
    "ao",
    "append",
    "appendEntryToFormData",
    "appendFileToFormData",
    "applyBind",
    "applyMoodAnimations",
    "ar",
    "arrayBufferViewElementSize",
    "arrayToObject",
    "ascending",
    "assembleStyles",
    "assertAbortSignal",
    "assertDictionary",
    "assertFunction",
    "assertObject",
    "assertOptions",
    "assertReadableStream",
    "assertRequiredArgument",
    "assertRequiredField",
    "assertValidPattern",
    "assertWritableStream",
    "assignValue",
    "async",
    "asyncDecorator",
    "asyncGeneratorStep",
    "async_callback",
    "at",
    "b",
    "balanced",
    "bark",
    "be",
    "beforeRedirect",
    "bind",
    "bitRotateLeft",
    "blobFrom",
    "blobFromSync",
    "bn",
    "br",
    "braceEscape",
    "braceExpand",
    "bt",
    "build",
    "buildAccessors",
    "buildAddressEntry",
    "buildFullPath",
    "buildFunctionMap",
    "buildGraph",
    "buildInventory",
    "buildPath",
    "buildSessionSeed",
    "buildStructure",
    "buildURL",
    "byobReaderBrandCheckException",
    "byobRequestBrandCheckException",
    "byteLengthBrandCheckException",
    "byteLengthSizeFunction",
    "byteStreamControllerBrandCheckException",
    "bytesToWords",
    "c",
    "callBindBasic",
    "callGemini",
    "callInvokeWithMethodAndArg",
    "callback",
    "callbackify",
    "cancel",
    "cancel1Algorithm",
    "cancel2Algorithm",
    "cancelAlgorithm",
    "cb",
    "ce",
    "censorNegativeZero",
    "charset",
    "checkAPI",
    "checkMode",
    "checkPathExt",
    "checkStat",
    "childHangup",
    "clean",
    "clear",
    "clearTimer",
    "cliui",
    "clone",
    "closeAlgorithm",
    "closeModal",
    "combineURLs",
    "comparativeDistance",
    "composeSignals",
    "computeConfigValue",
    "concat",
    "concatty",
    "consumeBody",
    "contentType",
    "convertByobReadOptions",
    "convertIteratorOptions",
    "convertPipeOptions",
    "convertQueuingStrategy",
    "convertQueuingStrategyInit",
    "convertQueuingStrategySize",
    "convertReadableStreamReaderMode",
    "convertReadableStreamType",
    "convertReadableWritablePair",
    "convertReaderOptions",
    "convertTransformer",
    "convertTransformerCancelCallback",
    "convertTransformerFlushCallback",
    "convertTransformerStartCallback",
    "convertTransformerTransformCallback",
    "convertUnderlyingDefaultOrByteSource",
    "convertUnderlyingSink",
    "convertUnderlyingSinkAbortCallback",
    "convertUnderlyingSinkCloseCallback",
    "convertUnderlyingSinkStartCallback",
    "convertUnderlyingSinkWriteCallback",
    "convertUnderlyingSourceCancelCallback",
    "convertUnderlyingSourcePullCallback",
    "convertUnderlyingSourceStartCallback",
    "convertUnrestrictedDouble",
    "convertUnsignedLongLongWithEnforceRange",
    "convertValue",
    "countBrandCheckException",
    "countSizeFunction",
    "cr",
    "create",
    "createAbortController",
    "createErrorType",
    "createInstance",
    "createPolyfill",
    "ct",
    "d",
    "dataCallback",
    "dataUriToBuffer",
    "de",
    "defaultControllerBrandCheckException",
    "defaultControllerFinishPromiseReject",
    "defaultControllerFinishPromiseResolve",
    "defaultReaderBrandCheckException",
    "defaultReaderClosedPromiseInitialize",
    "defaultReaderClosedPromiseInitializeAsRejected",
    "defaultReaderClosedPromiseInitializeAsResolved",
    "defaultReaderClosedPromiseReject",
    "defaultReaderClosedPromiseResetToRejected",
    "defaultReaderClosedPromiseResolve",
    "defaultToConfig2",
    "defaultVisitor",
    "defaultWriterBrandCheckException",
    "defaultWriterClosedPromiseInitialize",
    "defaultWriterClosedPromiseInitializeAsRejected",
    "defaultWriterClosedPromiseInitializeAsResolved",
    "defaultWriterClosedPromiseReject",
    "defaultWriterClosedPromiseResetToRejected",
    "defaultWriterClosedPromiseResolve",
    "defaultWriterLockException",
    "defaultWriterReadyPromiseInitialize",
    "defaultWriterReadyPromiseInitializeAsRejected",
    "defaultWriterReadyPromiseInitializeAsResolved",
    "defaultWriterReadyPromiseReject",
    "defaultWriterReadyPromiseReset",
    "defaultWriterReadyPromiseResetToRejected",
    "defaultWriterReadyPromiseResolve",
    "defaults",
    "defer",
    "define",
    "defineAccessor",
    "defineIteratorMethods",
    "defined",
    "deleteHeader",
    "deprecatedMethod",
    "deriveBFS",
    "deriveEmoji",
    "descending",
    "deslash",
    "destroy",
    "destroyOnTimeout",
    "destroyRequest",
    "detectShebang",
    "detectUnsupportedEnvironment",
    "determineRequestsReferrer",
    "dispatchBeforeRedirect",
    "dispatchHttpRequest",
    "dispatchRequest",
    "dispatchXhrRequest",
    "dn",
    "doEval",
    "doTheRest",
    "done",
    "dotStarTest",
    "dr",
    "dt",
    "e",
    "each",
    "eb",
    "ee",
    "eject",
    "embrace",
    "emitWarning",
    "en",
    "encode",
    "endsWith",
    "ensureArgs",
    "entToType",
    "eo",
    "er",
    "escape",
    "escapeArgument",
    "escapeBraces",
    "escapeCommand",
    "et",
    "exec",
    "executor",
    "expand",
    "expandTop",
    "ext",
    "extend",
    "extension",
    "extractCSSClasses",
    "extractClassNamesFromCSS",
    "extractClassUsageFromHTML",
    "extractContentType",
    "extractFunctions",
    "extractFunctionsFromFile",
    "extractHTMLTags",
    "f",
    "fe",
    "fetch",
    "fetchFail",
    "fileFrom",
    "fileFromSync",
    "fillTemplate",
    "filter",
    "filterByTag",
    "finalize",
    "findKey",
    "findPackageJson",
    "finisher",
    "fixResponseChunkedTransferBadEnding",
    "flush",
    "flushOnFinish",
    "fn",
    "forEach",
    "forEachEntry",
    "forEachHandler",
    "forEachMethodNoData",
    "forEachMethodWithData",
    "forEachMimeType",
    "foregroundChild",
    "formDataToBlob",
    "formDataToJSON",
    "formDataToStream",
    "formatHeader",
    "formatMessage",
    "forwardReaderError",
    "fr",
    "freezeMethods",
    "from",
    "fromBlob",
    "fromDataURI",
    "fromEnvVal",
    "fromFile",
    "fromRawHeaders",
    "fsFromOption",
    "ft",
    "fulfill",
    "g",
    "ge",
    "generateHTTPMethod",
    "generateMoodScan",
    "generateNovaDream",
    "generateNovaInsight",
    "generateNovaText",
    "generatePrompt",
    "generateString",
    "generateUUID",
    "get",
    "getAdapter",
    "getBannerIcon",
    "getBaseIntrinsic",
    "getBodyLength",
    "getDunder",
    "getEnv",
    "getFromGlobal",
    "getGlobals",
    "getImages",
    "getMergedValue",
    "getNotFoundError",
    "getNow",
    "getOutputLength",
    "getPathInfo",
    "getProto",
    "getProxyForUrl",
    "getRecentCommits",
    "getTelemetry",
    "getUintArray",
    "getUri",
    "getVersionInfo",
    "getWindowWidth",
    "globIterate",
    "globIterateSync",
    "globStream",
    "globStreamSync",
    "globSync",
    "glob_",
    "gn",
    "gr",
    "gt",
    "gte",
    "h",
    "handle",
    "handleAbort",
    "handleError",
    "handleLoad",
    "handleRequestError",
    "handleRequestSocket",
    "handleRequestTimeout",
    "handleResponse",
    "handleStreamData",
    "handleStreamEnd",
    "handleStreamError",
    "handleTimeout",
    "handlerStreamAborted",
    "has",
    "hasMagic",
    "hasNativeSymbols",
    "hasOwnProperty",
    "hasStandardBrowserWebWorkerEnv",
    "hasSymbols",
    "hasToStringTag",
    "hasToStringTagShams",
    "he",
    "headers",
    "headersToObject",
    "hideBanner",
    "hn",
    "hookChildProcess",
    "hr",
    "ht",
    "httpAdapter",
    "httpMethod",
    "i",
    "indent",
    "inherits",
    "initHero",
    "initNovaPulse",
    "initNovaStatus",
    "initToggles",
    "initVersion",
    "injectDreamLog",
    "injectMarkdown",
    "integerPart",
    "invoke",
    "io",
    "ir",
    "isAbortSignal",
    "isAbsoluteURL",
    "isArrayBufferLike",
    "isArrayBufferView",
    "isAxiosError",
    "isBoolean",
    "isBuffer",
    "isCancel",
    "isConfigOption",
    "isConfigOptionOfType",
    "isConfigType",
    "isContextDefined",
    "isDOMExceptionConstructor",
    "isDataView",
    "isDataViewConstructor",
    "isDescription",
    "isDictionary",
    "isDomainOrSubdomain",
    "isEncodingOptions",
    "isEndish",
    "isExtglobType",
    "isFinite",
    "isFlatArray",
    "isFormData",
    "isFunction",
    "isGlobList",
    "isHeading",
    "isInteger",
    "isNaN",
    "isNegativeZero",
    "isObject",
    "isObjectModeOptions",
    "isOrBecomesClosed",
    "isOrBecomesErrored",
    "isOriginPotentiallyTrustworthy",
    "isPadded",
    "isPatternList",
    "isPlainObject",
    "isPosInt",
    "isPromise",
    "isReadable",
    "isReadableStreamLike",
    "isResolvedHandle",
    "isSameProtocol",
    "isSpecCompliantForm",
    "isStream",
    "isString",
    "isSubdomain",
    "isThenable",
    "isURL",
    "isUrlPotentiallyTrustworthy",
    "isValidHeaderName",
    "isValidOption",
    "isValidValue",
    "isVisitable",
    "isWritable",
    "isexe",
    "it",
    "iterate",
    "iteratorHandler",
    "j",
    "jack",
    "je",
    "joinTypes",
    "jr",
    "jt",
    "k",
    "ke",
    "kindOfTest",
    "kr",
    "kt",
    "l",
    "le",
    "link",
    "listener",
    "ln",
    "load",
    "loadApiMonitor",
    "loadAwarenessLogs",
    "loadCodeMap",
    "loadFunctionMap",
    "loadImageInventoryGrid",
    "loadMood",
    "loadMoodPrompt",
    "loadNovaThought",
    "loadPackageJson",
    "loadPromptHistory",
    "loadUnusedCSSReport",
    "loadVersionAndMood",
    "lookup",
    "lr",
    "lt",
    "lte",
    "m",
    "makeDynamicStyles",
    "makeIgnore",
    "makeInvokeMethod",
    "makeRe",
    "match",
    "matchAll",
    "matchHeaderValue",
    "maybeInvokeDelegate",
    "maybeMatch",
    "md5",
    "md5ToHexEncodedArray",
    "md5cmn",
    "md5ff",
    "md5gg",
    "md5hh",
    "md5ii",
    "me",
    "merge",
    "mergeConfig",
    "mergeDeepProperties",
    "mergeDirectKeys",
    "minimatch",
    "mod",
    "moodToSimple",
    "mr",
    "mt",
    "n",
    "ne",
    "newPromise",
    "next",
    "nextSteps",
    "nextTick_callback",
    "nn",
    "no",
    "nodefer",
    "noop",
    "normalize",
    "normalizeArgs",
    "normalizeFgArgs",
    "normalizeHeader",
    "normalizeLinefeeds",
    "normalizeMarkdown",
    "normalizeNocase",
    "normalizeOneLine",
    "normalizeValue",
    "notFoundError",
    "nr",
    "nt",
    "numeric",
    "o",
    "oe",
    "on",
    "onAdapterRejection",
    "onAdapterResolution",
    "onCanceled",
    "onExit",
    "onFinished",
    "onReaddir",
    "onSocketClose",
    "onabort",
    "ondata",
    "ondestroy",
    "onend",
    "onerr",
    "onloadend",
    "oo",
    "or",
    "ot",
    "ownKeys",
    "p",
    "parallel",
    "parse",
    "parseClass",
    "parseCommaParts",
    "parseNonShell",
    "parsePropPath",
    "parseProtocol",
    "parseReferrerPolicyFromHeader",
    "parseTokens",
    "parseUrl",
    "parser",
    "pathKey",
    "pcall",
    "pe",
    "pick",
    "pickRandomQuote",
    "pipeLoop",
    "pipeStep",
    "pn",
    "populateMaps",
    "pr",
    "process",
    "processOk",
    "progressEventDecorator",
    "progressEventReducer",
    "promiseCall",
    "promiseExecutor",
    "promiseRejectedWith",
    "promiseResolvedWith",
    "propertyIsEnumerable",
    "proxySignals",
    "pt",
    "pull",
    "pull1Algorithm",
    "pull2Algorithm",
    "pullAlgorithm",
    "pullWithBYOBReader",
    "pullWithDefaultReader",
    "pump",
    "push",
    "pushChunk",
    "pushResponseInterceptors",
    "pushTryEntry",
    "q",
    "qe",
    "qmarksTest",
    "qmarksTestDot",
    "qmarksTestNoExt",
    "qmarksTestNoExtDot",
    "qmarksTestNocase",
    "qmarksTestNocaseDot",
    "qr",
    "qt",
    "r",
    "randomFrom",
    "range",
    "rangesToString",
    "re",
    "read",
    "readBytes",
    "readJSON",
    "readShebang",
    "readStream",
    "readerLockException",
    "recordTelemetry",
    "reduceDescriptors",
    "reflectCall",
    "regExpEscape",
    "regexpEscape",
    "reject",
    "remove",
    "removeBrackets",
    "removeMatchingHeaders",
    "renderCodeFootprintChart",
    "renderKey",
    "renderList",
    "renderLoreIndex",
    "renderMoodGrid",
    "renderProgress",
    "renderProjects",
    "renderReason",
    "renderStatusLED",
    "renderWhisperAndMoodStream",
    "replacer",
    "request",
    "reset",
    "resetTryEntry",
    "resolveBodyLength",
    "resolveCommand",
    "resolveCommandAttempt",
    "resolveConfig",
    "resolveFamily",
    "resolveUrl",
    "resume",
    "returnSteps",
    "rgb2rgb",
    "rng",
    "ro",
    "rotateSlides",
    "rr",
    "rt",
    "run",
    "runJob",
    "runMonitor",
    "runSymbolTests",
    "runTest",
    "runWithEnv",
    "s",
    "safeAdd",
    "scanComponentFiles",
    "scanDir",
    "scanDirectory",
    "se",
    "serial",
    "serialOrdered",
    "set",
    "setDefault",
    "setDunder",
    "setFunctionName",
    "setHeader",
    "setHeaders",
    "setInternalState",
    "setLazyProperty",
    "setNoBool",
    "setPromiseIsHandledToTrue",
    "setProxy",
    "setRequestHeader",
    "setToStringTag",
    "setTrait",
    "settle",
    "setupMobileNav",
    "setupThemeToggle",
    "sha1",
    "shouldProxy",
    "shouldWarn",
    "showBanner",
    "showModal",
    "shutdown",
    "shutdownWithAction",
    "sign",
    "signalExitWrap",
    "slicy",
    "sn",
    "source",
    "spawn",
    "spawnSync",
    "speedometer",
    "spelling",
    "spread",
    "spreadUrlObject",
    "sr",
    "st",
    "starDotExtTest",
    "starDotExtTestDot",
    "starDotExtTestNocase",
    "starDotExtTestNocaseDot",
    "starDotStarTest",
    "starDotStarTestDot",
    "starTest",
    "starTestDot",
    "startAlgorithm",
    "startTimer",
    "state",
    "step",
    "stop",
    "streamAsyncIteratorBrandCheckException",
    "streamBrandCheckException",
    "streamChunk",
    "streamer",
    "stringToArray",
    "stringToBytes",
    "stringToPath",
    "stringWidth",
    "stringify",
    "stringifySafely",
    "stripAnsi",
    "stripBOM",
    "stripURLForUseAsAReferrer",
    "subStep",
    "subscribe",
    "sync",
    "t",
    "te",
    "terminator",
    "test",
    "testDreamAPI",
    "testProxyUrl",
    "testQuoteAPI",
    "throttle",
    "throttled",
    "throwIfCancellationRequested",
    "throwIfRequested",
    "to",
    "toAbortSignal",
    "toArray",
    "toCamelCase",
    "toEnvKey",
    "toEnvVal",
    "toFiniteNumber",
    "toFlatObject",
    "toFormData",
    "toJSON",
    "toJSONObject",
    "toObjectSet",
    "toParseArgsOptionsConfig",
    "toString",
    "toURLEncodedForm",
    "tr",
    "trackStream",
    "transform",
    "transformChunk",
    "transformData",
    "transformNextChunk",
    "transformPromiseWith",
    "transformRequest",
    "transformResponse",
    "transitional",
    "trim",
    "tryCatch",
    "tt",
    "typeIsObject",
    "typeOfTest",
    "u",
    "ue",
    "un",
    "uncToDrive",
    "undefOrType",
    "undefOrTypeArray",
    "unescape",
    "unescapeBraces",
    "unload",
    "unproxy",
    "unsafeStringify",
    "unshiftRequestInterceptors",
    "unsubscribe",
    "updateLiveQuote",
    "updateMoodDisplay",
    "updateMoodRing",
    "updatePulseBar",
    "uponFulfillment",
    "uponPromise",
    "uponRejection",
    "ur",
    "usage",
    "use",
    "ut",
    "v",
    "v1",
    "v35",
    "v4",
    "validate",
    "validateField",
    "validateFieldMeta",
    "validateReferrerPolicy",
    "validateStatus",
    "validateUrl",
    "validateValidOptions",
    "validator",
    "value",
    "valueFromConfig2",
    "valueType",
    "values",
    "ve",
    "verb",
    "verifyENOENT",
    "verifyENOENTSync",
    "version",
    "visit",
    "visitor",
    "vn",
    "vr",
    "vt",
    "w",
    "waitForWritesToFinish",
    "walk",
    "warnACPolyfill",
    "watchdog",
    "we",
    "which",
    "whichSync",
    "wn",
    "wordsToMd5",
    "wr",
    "wrap",
    "wrapAnsi",
    "wrapAnsi16",
    "wrapAnsi16m",
    "wrapAnsi256",
    "wrapAsync",
    "wrapCallback",
    "wrapConversion",
    "wrapIterator",
    "wrapIteratorCallback",
    "wrapRaw",
    "wrapRounded",
    "wrapWord",
    "write",
    "writeAlgorithm",
    "writeChangelog",
    "writeCodeMap",
    "writeNext",
    "wt",
    "x",
    "xe",
    "xr",
    "xt",
    "y",
    "ye",
    "yn",
    "yr",
    "yt",
    "z",
    "ze",
    "zr",
    "zt"
  ],
  "cssClasses": [
    "005",
    "02",
    "03",
    "04",
    "05",
    "05em",
    "06",
    "08",
    "1",
    "15",
    "15rem",
    "1em",
    "1rem",
    "2",
    "25",
    "25rem",
    "2em",
    "2rem",
    "2s",
    "3",
    "33",
    "35",
    "3px",
    "3rem",
    "3s",
    "4",
    "4em",
    "4rem",
    "4s",
    "5",
    "5em",
    "5px",
    "5rem",
    "5s",
    "6",
    "65",
    "67",
    "6rem",
    "6s",
    "7",
    "75",
    "75rem",
    "7rem",
    "8",
    "85",
    "85em",
    "85rem",
    "8rem",
    "8s",
    "9",
    "95",
    "95em",
    "95rem",
    "9em",
    "9rem",
    "active",
    "api-monitor",
    "aura-cyan",
    "aura-deep-violet",
    "aura-default",
    "aura-electric",
    "aura-emerald",
    "aura-emerald-glow",
    "aura-emerald-shadow",
    "aura-fading",
    "aura-glitchy",
    "aura-graphite",
    "aura-graphite-blue",
    "aura-lime",
    "aura-lime-green",
    "aura-magenta",
    "aura-neon-burst",
    "aura-neon-pink",
    "aura-paper-white",
    "aura-pink",
    "aura-silver-shimmer",
    "aura-spark",
    "aura-storm-pulse",
    "aura-tag",
    "aura-twilight-veil",
    "aura-violet",
    "aura-white",
    "badge",
    "badge-aura-calm",
    "badge-aura-default",
    "badge-aura-electric",
    "badge-aura-emerald-glow",
    "badge-aura-fading",
    "badge-aura-glitchy",
    "badge-aura-neon-burst",
    "badge-aura-silver-shimmer",
    "badge-aura-spark",
    "banner",
    "banner-close",
    "banner-container",
    "banner-icon",
    "card-content",
    "card-icon",
    "card-image",
    "card-section",
    "code-footprint",
    "contact-form",
    "content-section",
    "critical",
    "css",
    "dream-teaser",
    "emoji-only",
    "explore-btn",
    "fail",
    "filter-label",
    "filter-pill",
    "filter-toggle-group",
    "footer",
    "footer-social",
    "form-status",
    "function-map",
    "good",
    "grid-aura-calm",
    "grid-aura-default",
    "grid-aura-electric",
    "grid-aura-emerald-glow",
    "grid-aura-fading",
    "grid-aura-glitchy",
    "grid-aura-neon-burst",
    "grid-aura-silver-shimmer",
    "grid-aura-spark",
    "grid-col-12",
    "grid-col-2",
    "grid-col-3",
    "grid-col-4",
    "grid-col-6",
    "grid-container",
    "grid-row",
    "hero",
    "hero-content",
    "hero-headline",
    "hero-headlines",
    "hero-loading",
    "hero-slide",
    "hero-slides",
    "hero-subheadline",
    "hero-subheadlines",
    "hidden",
    "icon-only",
    "image-caption",
    "image-grid",
    "image-inventory",
    "image-tile",
    "info",
    "iridescent-pulse",
    "loading-bar",
    "loading-icon",
    "loading-progress",
    "log-list",
    "lore-content",
    "lore-summary",
    "memory-seed",
    "mini-hero",
    "mini-hero-img",
    "modal",
    "modal-backdrop",
    "modal-close",
    "modal-content",
    "mood-aura",
    "mood-container",
    "mood-dashboard",
    "mood-emoji",
    "mood-grid",
    "mood-grid-emoji",
    "mood-grid-item",
    "mood-grid-label",
    "mood-grid-section",
    "mood-grid-time",
    "mood-history",
    "mood-info",
    "mood-meta",
    "mood-modes",
    "mood-quote",
    "mood-ring",
    "mood-status",
    "mood-stream",
    "mood-tag",
    "mood-title",
    "nav",
    "nav-container",
    "nav-content",
    "nav-links",
    "nav-logo",
    "nav-logo-text",
    "nav-overlay",
    "nav-subheading",
    "nav-toggle",
    "nav-utility",
    "neon-card",
    "nova-alert",
    "nova-badge",
    "nova-badge-group",
    "nova-card",
    "nova-dashboard",
    "nova-image-output",
    "nova-lore",
    "nova-manifesto",
    "nova-memory-header",
    "nova-mood",
    "nova-quip",
    "nova-status-display",
    "nova-sync-time",
    "nova-table",
    "nova-thought",
    "nova-voice",
    "ok",
    "panel-subtext",
    "progress-bar",
    "progress-fill",
    "prompt-entry",
    "pulse",
    "pulse-drift",
    "pulse-emoji",
    "pulse-icon",
    "pulse-icon-group",
    "pulse-inner",
    "pulse-item",
    "pulse-label",
    "pulse-label-text",
    "pulse-left",
    "pulse-meter-bar",
    "pulse-meter-fill",
    "pulse-meter-header",
    "pulse-meter-label",
    "pulse-meter-title",
    "pulse-meter-wrapper",
    "pulse-quote",
    "pulse-right",
    "pulse-type",
    "pulse-value",
    "pulse-wrap",
    "recent-updates",
    "refresh-button",
    "script-block",
    "section-header",
    "show",
    "social-links",
    "soon-tag",
    "stealth",
    "subtitle",
    "system-pulse",
    "timer",
    "toggle-btn",
    "unused",
    "unused-css-report",
    "used",
    "warn",
    "warning",
    "whisper-panel"
  ],
  "htmlTags": [
    "a",
    "blockquote",
    "body",
    "br",
    "button",
    "canvas",
    "code",
    "div",
    "em",
    "footer",
    "form",
    "h1",
    "h2",
    "h3",
    "h4",
    "head",
    "header",
    "html",
    "i",
    "img",
    "input",
    "label",
    "li",
    "link",
    "main",
    "meta",
    "nav",
    "ol",
    "p",
    "path",
    "pre",
    "script",
    "section",
    "span",
    "strong",
    "style",
    "svg",
    "textarea",
    "title",
    "ul"
  ]
}