{
  "timestamp": "2025-04-11T19:06:32.120Z",
  "summary": {
    "totalJS": 202,
    "totalCSS": 16,
    "totalHTML": 34
  },
  "functions": [
    "ROTL",
    "_interopRequireDefault",
    "_minWidth",
    "addBorder",
    "alignCenter",
    "alignRight",
    "ansiRegex",
    "assembleStyles",
    "assertValidPattern",
    "balanced",
    "bark",
    "bitRotateLeft",
    "braceEscape",
    "braceExpand",
    "buildFunctionMap",
    "buildGraph",
    "buildInventory",
    "buildSessionSeed",
    "buildStructure",
    "bytesToWords",
    "cb",
    "checkAPI",
    "checkMode",
    "checkPathExt",
    "checkStat",
    "childHangup",
    "cliui",
    "comparativeDistance",
    "defaults",
    "defer",
    "deriveBFS",
    "deslash",
    "detectShebang",
    "dotStarTest",
    "eb",
    "embrace",
    "emitWarning",
    "entToType",
    "escape",
    "escapeArgument",
    "escapeBraces",
    "escapeCommand",
    "exec",
    "expand",
    "expandTop",
    "ext",
    "extractCSSClasses",
    "extractClassNamesFromCSS",
    "extractClassUsageFromHTML",
    "extractFunctions",
    "extractFunctionsFromFile",
    "extractHTMLTags",
    "f",
    "fetchFail",
    "fillTemplate",
    "filter",
    "findPackageJson",
    "foregroundChild",
    "fromEnvVal",
    "fsFromOption",
    "generateMoodScan",
    "generatePrompt",
    "generateUUID",
    "get",
    "getImages",
    "getNotFoundError",
    "getNow",
    "getOutputLength",
    "getPathInfo",
    "getRecentCommits",
    "getUintArray",
    "getVersionInfo",
    "getWindowWidth",
    "globIterate",
    "globIterateSync",
    "globStream",
    "globStreamSync",
    "globSync",
    "glob_",
    "gte",
    "hasMagic",
    "hookChildProcess",
    "indent",
    "initBanners",
    "initFooter",
    "initHero",
    "initToggles",
    "initVersion",
    "isArrayBufferLike",
    "isArrayBufferView",
    "isConfigOption",
    "isConfigOptionOfType",
    "isConfigType",
    "isDescription",
    "isEncodingOptions",
    "isEndish",
    "isExtglobType",
    "isGlobList",
    "isHeading",
    "isObjectModeOptions",
    "isPadded",
    "isPatternList",
    "isPosInt",
    "isPromise",
    "isReadable",
    "isStream",
    "isValidOption",
    "isValidValue",
    "isWritable",
    "isexe",
    "jack",
    "joinTypes",
    "link",
    "listener",
    "load",
    "loadApiMonitor",
    "loadAwarenessLogs",
    "loadCodeMap",
    "loadFunctionMap",
    "loadImageInventoryGrid",
    "loadNovaMoodCard",
    "loadNovaPulsePanel",
    "loadPackageJson",
    "loadPromptHistory",
    "loadUnusedCSSReport",
    "loadVersionAndMood",
    "lte",
    "m",
    "makeDynamicStyles",
    "makeIgnore",
    "makeRe",
    "match",
    "maybeMatch",
    "md5",
    "md5ToHexEncodedArray",
    "md5cmn",
    "md5ff",
    "md5gg",
    "md5hh",
    "md5ii",
    "minimatch",
    "next",
    "nodefer",
    "normalize",
    "normalizeFgArgs",
    "normalizeMarkdown",
    "normalizeNocase",
    "normalizeOneLine",
    "notFoundError",
    "numeric",
    "onExit",
    "onReaddir",
    "ondata",
    "ondestroy",
    "onend",
    "onerr",
    "parse",
    "parseClass",
    "parseCommaParts",
    "parseNonShell",
    "pathKey",
    "pcall",
    "pick",
    "process",
    "processOk",
    "proxySignals",
    "qmarksTest",
    "qmarksTestDot",
    "qmarksTestNoExt",
    "qmarksTestNoExtDot",
    "qmarksTestNocase",
    "qmarksTestNocaseDot",
    "randomFrom",
    "range",
    "rangesToString",
    "readJSON",
    "readShebang",
    "regExpEscape",
    "regexpEscape",
    "renderCodeFootprintChart",
    "renderList",
    "reset",
    "resolveCommand",
    "resolveCommandAttempt",
    "rgb2rgb",
    "rng",
    "rotateSlides",
    "runMonitor",
    "runTest",
    "safeAdd",
    "scanComponentFiles",
    "scanDir",
    "scanDirectory",
    "setDefault",
    "setLazyProperty",
    "setNoBool",
    "setupMobileNav",
    "setupThemeToggle",
    "sha1",
    "shouldWarn",
    "signalExitWrap",
    "spawn",
    "spawnSync",
    "starDotExtTest",
    "starDotExtTestDot",
    "starDotExtTestNocase",
    "starDotExtTestNocaseDot",
    "starDotStarTest",
    "starDotStarTestDot",
    "starTest",
    "starTestDot",
    "stop",
    "stringToArray",
    "stringToBytes",
    "stringWidth",
    "stringify",
    "stripAnsi",
    "subStep",
    "sync",
    "toEnvKey",
    "toEnvVal",
    "toParseArgsOptionsConfig",
    "uncToDrive",
    "undefOrType",
    "undefOrTypeArray",
    "unescape",
    "unescapeBraces",
    "unload",
    "unproxy",
    "unsafeStringify",
    "usage",
    "v1",
    "v35",
    "v4",
    "validate",
    "validateField",
    "validateFieldMeta",
    "validateValidOptions",
    "valueType",
    "verifyENOENT",
    "verifyENOENTSync",
    "version",
    "walk",
    "warnACPolyfill",
    "watchdog",
    "which",
    "whichSync",
    "wordsToMd5",
    "wrapAnsi",
    "wrapAnsi16",
    "wrapAnsi16m",
    "wrapAnsi256",
    "wrapConversion",
    "wrapRaw",
    "wrapRounded",
    "wrapWord",
    "writeChangelog",
    "writeCodeMap"
  ],
  "cssClasses": [
    "02",
    "03",
    "05",
    "06",
    "08",
    "1",
    "1em",
    "2",
    "25rem",
    "2em",
    "2rem",
    "2s",
    "3",
    "3s",
    "4",
    "4em",
    "5",
    "5em",
    "5rem",
    "5s",
    "6",
    "7",
    "75rem",
    "9",
    "95",
    "95em",
    "95rem",
    "9em",
    "active",
    "api-monitor",
    "banner",
    "banner-close",
    "banner-container",
    "banner-icon",
    "card-content",
    "card-image",
    "card-section",
    "code-footprint",
    "contact-form",
    "content-section",
    "css",
    "fail",
    "footer",
    "footer-social",
    "form-status",
    "function-map",
    "grid-col-12",
    "grid-col-6",
    "grid-container",
    "hero",
    "hero-content",
    "hero-headline",
    "hero-loading",
    "hero-slide",
    "hero-slides",
    "hero-subheadline",
    "hidden",
    "icon-only",
    "image-caption",
    "image-grid",
    "image-inventory",
    "image-tile",
    "loading-bar",
    "loading-icon",
    "loading-progress",
    "memory-seed",
    "mini-hero",
    "mini-hero-img",
    "modal",
    "modal-backdrop",
    "modal-close",
    "modal-content",
    "nav",
    "nav-container",
    "nav-content",
    "nav-links",
    "nav-logo",
    "nav-logo-text",
    "nav-overlay",
    "nav-subheading",
    "nav-toggle",
    "nav-utility",
    "neon-card",
    "nova-dashboard",
    "nova-manifesto",
    "nova-memory-header",
    "nova-mood",
    "nova-sync-time",
    "ok",
    "recent-updates",
    "script-block",
    "section-header",
    "social-links",
    "toggle-btn",
    "unused",
    "unused-css-report",
    "used"
  ],
  "htmlTags": [
    "a",
    "blockquote",
    "body",
    "br",
    "button",
    "canvas",
    "code",
    "div",
    "em",
    "footer",
    "form",
    "h1",
    "h2",
    "h3",
    "head",
    "header",
    "html",
    "i",
    "iframe",
    "img",
    "input",
    "label",
    "li",
    "link",
    "main",
    "meta",
    "nav",
    "ol",
    "p",
    "path",
    "pre",
    "script",
    "section",
    "span",
    "strong",
    "style",
    "svg",
    "textarea",
    "title",
    "ul"
  ]
}