{
  "scannedAt": "2025-04-10T16:24:27.847Z",
  "scripts": {
    "aiPromptGenerator.js": [
      "fillTemplate",
      "pick",
      "generatePrompt"
    ],
    "apiMonitor.js": [
      "checkAPI",
      "runMonitor"
    ],
    "changelogSnapshot.js": [
      "getRecentCommits",
      "writeChangelog"
    ],
    "codeFootprint.js": [
      "scanDir"
    ],
    "componentScan.js": [
      "scanComponentFiles"
    ],
    "generateCodeMap.js": [
      "extractFunctions",
      "extractCSSClasses",
      "extractHTMLTags",
      "scanDirectory",
      "writeCodeMap"
    ],
    "generateNovaBoot.js": [
      "readJSON",
      "buildSessionSeed"
    ],
    "imageAudit.js": [
      "getImages",
      "buildInventory"
    ],
    "jsFunctionMap.js": [
      "extractFunctionsFromFile",
      "buildFunctionMap"
    ],
    "moodScan.js": [
      "randomFrom",
      "generateMoodScan"
    ],
    "scanSiteStructure.js": [
      "scanDirectory",
      "buildStructure"
    ],
    "unusedCSS.js": [
      "extractClassNamesFromCSS",
      "extractClassUsageFromHTML"
    ],
    "versionTracker.js": [
      "getVersionInfo"
    ]
  }
}