{
  "version": "v2.3",
  "updated": "2025-04-16T05:52:21.854Z",
  "root": [
    {
      "type": "folder",
      "name": ".github",
      "path": ".github",
      "children": [
        {
          "type": "folder",
          "name": ".vscode",
          "path": ".github/.vscode",
          "children": []
        },
        {
          "type": "folder",
          "name": "workflows",
          "path": ".github/workflows",
          "children": []
        }
      ]
    },
    {
      "type": "page",
      "name": "404.html",
      "path": "404.html"
    },
    {
      "type": "page",
      "name": "Untitled-3.html",
      "path": "Untitled-3.html"
    },
    {
      "type": "folder",
      "name": "about",
      "path": "about",
      "children": [
        {
          "type": "page",
          "name": "index.html",
          "path": "about/index.html"
        }
      ]
    },
    {
      "type": "folder",
      "name": "api",
      "path": "api",
      "children": [
        {
          "type": "folder",
          "name": "dreamLogWriter",
          "path": "api/dreamLogWriter",
          "children": []
        },
        {
          "type": "folder",
          "name": "generateNovaQuote",
          "path": "api/generateNovaQuote",
          "children": []
        }
      ]
    },
    {
      "type": "page",
      "name": "art.html",
      "path": "art.html"
    },
    {
      "type": "folder",
      "name": "css",
      "path": "css",
      "children": []
    },
    {
      "type": "page",
      "name": "dev.html",
      "path": "dev.html"
    },
    {
      "type": "page",
      "name": "glitchlab.html",
      "path": "glitchlab.html"
    },
    {
      "type": "folder",
      "name": "images",
      "path": "images",
      "children": [
        {
          "type": "folder",
          "name": "cards",
          "path": "images/cards",
          "children": []
        },
        {
          "type": "folder",
          "name": "hero",
          "path": "images/hero",
          "children": []
        },
        {
          "type": "folder",
          "name": "mini-hero",
          "path": "images/mini-hero",
          "children": []
        },
        {
          "type": "folder",
          "name": "nova",
          "path": "images/nova",
          "children": []
        },
        {
          "type": "folder",
          "name": "projects",
          "path": "images/projects",
          "children": [
            {
              "type": "folder",
              "name": "cools",
              "path": "images/projects/cools",
              "children": []
            }
          ]
        },
        {
          "type": "folder",
          "name": "textures",
          "path": "images/textures",
          "children": []
        }
      ]
    },
    {
      "type": "page",
      "name": "index.html",
      "path": "index.html"
    },
    {
      "type": "folder",
      "name": "js",
      "path": "js",
      "children": []
    },
    {
      "type": "folder",
      "name": "lab",
      "path": "lab",
      "children": [
        {
          "type": "page",
          "name": "index.html",
          "path": "lab/index.html"
        },
        {
          "type": "page",
          "name": "nova-ai-test.html",
          "path": "lab/nova-ai-test.html"
        }
      ]
    },
    {
      "type": "folder",
      "name": "modules",
      "path": "modules",
      "children": [
        {
          "type": "page",
          "name": "bugs.html",
          "path": "modules/bugs.html"
        },
        {
          "type": "page",
          "name": "contact-modal.html",
          "path": "modules/contact-modal.html"
        },
        {
          "type": "page",
          "name": "footer.html",
          "path": "modules/footer.html"
        },
        {
          "type": "page",
          "name": "header.html",
          "path": "modules/header.html"
        },
        {
          "type": "page",
          "name": "pulse.html",
          "path": "modules/pulse.html"
        },
        {
          "type": "page",
          "name": "version-history.html",
          "path": "modules/version-history.html"
        }
      ]
    },
    {
      "type": "folder",
      "name": "nova",
      "path": "nova",
      "children": [
        {
          "type": "page",
          "name": "_template.html",
          "path": "nova/_template.html"
        },
        {
          "type": "page",
          "name": "about.html",
          "path": "nova/about.html"
        },
        {
          "type": "page",
          "name": "awareness.html",
          "path": "nova/awareness.html"
        },
        {
          "type": "page",
          "name": "core.html",
          "path": "nova/core.html"
        },
        {
          "type": "page",
          "name": "index.html",
          "path": "nova/index.html"
        },
        {
          "type": "page",
          "name": "logs.html",
          "path": "nova/logs.html"
        },
        {
          "type": "page",
          "name": "nova-vision.html",
          "path": "nova/nova-vision.html"
        }
      ]
    },
    {
      "type": "folder",
      "name": "nova-core",
      "path": "nova-core",
      "children": [
        {
          "type": "page",
          "name": "index.html",
          "path": "nova-core/index.html"
        }
      ]
    },
    {
      "type": "folder",
      "name": "playground",
      "path": "playground",
      "children": [
        {
          "type": "page",
          "name": "Neon-Base-Theme.html",
          "path": "playground/Neon-Base-Theme.html"
        },
        {
          "type": "page",
          "name": "frosty-nav.html",
          "path": "playground/frosty-nav.html"
        },
        {
          "type": "page",
          "name": "hero.html",
          "path": "playground/hero.html"
        }
      ]
    },
    {
      "type": "folder",
      "name": "projects",
      "path": "projects",
      "children": [
        {
          "type": "page",
          "name": "index.html",
          "path": "projects/index.html"
        }
      ]
    },
    {
      "type": "page",
      "name": "raw-demos.html",
      "path": "raw-demos.html"
    },
    {
      "type": "page",
      "name": "responsive-navbar-demo.html",
      "path": "responsive-navbar-demo.html"
    },
    {
      "type": "folder",
      "name": "skills",
      "path": "skills",
      "children": [
        {
          "type": "page",
          "name": "index.html",
          "path": "skills/index.html"
        }
      ]
    },
    {
      "type": "page",
      "name": "soundlab.html",
      "path": "soundlab.html"
    },
    {
      "type": "page",
      "name": "style-guide.html",
      "path": "style-guide.html"
    },
    {
      "type": "page",
      "name": "template-skills-showcase.html",
      "path": "template-skills-showcase.html"
    },
    {
      "type": "page",
      "name": "template.html",
      "path": "template.html"
    },
    {
      "type": "page",
      "name": "test.html",
      "path": "test.html"
    },
    {
      "type": "folder",
      "name": "tools",
      "path": "tools",
      "children": [
        {
          "type": "page",
          "name": "accessibility-demo.html",
          "path": "tools/accessibility-demo.html"
        },
        {
          "type": "page",
          "name": "animation-demo.html",
          "path": "tools/animation-demo.html"
        },
        {
          "type": "page",
          "name": "color-demo.html",
          "path": "tools/color-demo.html"
        },
        {
          "type": "page",
          "name": "components-demo.html",
          "path": "tools/components-demo.html"
        },
        {
          "type": "page",
          "name": "form-demo.html",
          "path": "tools/form-demo.html"
        },
        {
          "type": "page",
          "name": "glitch-art-demo.html",
          "path": "tools/glitch-art-demo.html"
        },
        {
          "type": "page",
          "name": "grid-demo.html",
          "path": "tools/grid-demo.html"
        },
        {
          "type": "page",
          "name": "icon-demo.html",
          "path": "tools/icon-demo.html"
        },
        {
          "type": "page",
          "name": "index.html",
          "path": "tools/index.html"
        },
        {
          "type": "page",
          "name": "scripts-demo.html",
          "path": "tools/scripts-demo.html"
        },
        {
          "type": "page",
          "name": "typography-demo.html",
          "path": "tools/typography-demo.html"
        }
      ]
    },
    {
      "type": "page",
      "name": "tools.html",
      "path": "tools.html"
    },
    {
      "type": "page",
      "name": "uberprompt.html",
      "path": "uberprompt.html"
    }
  ]
}