{
  "version": "v2.3",
  "updated": "2025-04-10T16:24:27.129Z",
  "root": [
    {
      "type": "folder",
      "name": ".github",
      "path": ".github",
      "children": [
        {
          "type": "folder",
          "name": "workflows",
          "path": ".github/workflows",
          "children": []
        }
      ]
    },
    {
      "type": "page",
      "name": "Untitled-3.html",
      "path": "Untitled-3.html"
    },
    {
      "type": "page",
      "name": "art.html",
      "path": "art.html"
    },
    {
      "type": "folder",
      "name": "css",
      "path": "css",
      "children": []
    },
    {
      "type": "page",
      "name": "dev.html",
      "path": "dev.html"
    },
    {
      "type": "page",
      "name": "docs.html",
      "path": "docs.html"
    },
    {
      "type": "page",
      "name": "glitchlab.html",
      "path": "glitchlab.html"
    },
    {
      "type": "folder",
      "name": "images",
      "path": "images",
      "children": [
        {
          "type": "folder",
          "name": "cards",
          "path": "images/cards",
          "children": []
        },
        {
          "type": "folder",
          "name": "hero",
          "path": "images/hero",
          "children": []
        },
        {
          "type": "folder",
          "name": "mini-hero",
          "path": "images/mini-hero",
          "children": []
        }
      ]
    },
    {
      "type": "page",
      "name": "index.html",
      "path": "index.html"
    },
    {
      "type": "folder",
      "name": "js",
      "path": "js",
      "children": []
    },
    {
      "type": "folder",
      "name": "modules",
      "path": "modules",
      "children": [
        {
          "type": "page",
          "name": "bugs.html",
          "path": "modules/bugs.html"
        },
        {
          "type": "page",
          "name": "footer.html",
          "path": "modules/footer.html"
        },
        {
          "type": "page",
          "name": "header.html",
          "path": "modules/header.html"
        },
        {
          "type": "page",
          "name": "version-history.html",
          "path": "modules/version-history.html"
        }
      ]
    },
    {
      "type": "folder",
      "name": "nova",
      "path": "nova",
      "children": [
        {
          "type": "page",
          "name": "index.html",
          "path": "nova/index.html"
        }
      ]
    },
    {
      "type": "folder",
      "name": "playground",
      "path": "playground",
      "children": [
        {
          "type": "page",
          "name": "Neon-Base-Theme.html",
          "path": "playground/Neon-Base-Theme.html"
        },
        {
          "type": "page",
          "name": "frosty-nav.html",
          "path": "playground/frosty-nav.html"
        },
        {
          "type": "page",
          "name": "hero.html",
          "path": "playground/hero.html"
        }
      ]
    },
    {
      "type": "page",
      "name": "projects.html",
      "path": "projects.html"
    },
    {
      "type": "page",
      "name": "raw-demos.html",
      "path": "raw-demos.html"
    },
    {
      "type": "page",
      "name": "responsive-navbar-demo.html",
      "path": "responsive-navbar-demo.html"
    },
    {
      "type": "page",
      "name": "skills.html",
      "path": "skills.html"
    },
    {
      "type": "page",
      "name": "soundlab.html",
      "path": "soundlab.html"
    },
    {
      "type": "page",
      "name": "style-guide.html",
      "path": "style-guide.html"
    },
    {
      "type": "page",
      "name": "template-skills-showcase.html",
      "path": "template-skills-showcase.html"
    },
    {
      "type": "page",
      "name": "template.html",
      "path": "template.html"
    },
    {
      "type": "page",
      "name": "test.html",
      "path": "test.html"
    },
    {
      "type": "folder",
      "name": "tools",
      "path": "tools",
      "children": [
        {
          "type": "page",
          "name": "index.html",
          "path": "tools/index.html"
        }
      ]
    },
    {
      "type": "page",
      "name": "tools.html",
      "path": "tools.html"
    },
    {
      "type": "page",
      "name": "uberprompt.html",
      "path": "uberprompt.html"
    }
  ]
}