[
    {
      "id": "project-memetron",
      "title": "Nova's Meme Maker",
      "html": "/docs/logs/project-memetron.html",
      "md": "/docs/logs/project-memetron.md",
      "status": "Active",
      "lastUpdated": "2025-04-12",
      "tags": ["AI", "fun", "image generation"]
    },
    {
      "id": "metalab",
      "title": "MetaLab Studio",
      "html": "/docs/logs/metalab.html",
      "md": "/docs/logs/metalab.md",
      "status": "In Progress",
      "lastUpdated": "2025-04-10",
      "tags": ["tools", "json", "xml", "validation"]
    },
    {
      "id": "nova-dashboard",
      "title": "Nova Awareness Dashboard",
      "html": "/docs/logs/nova-dashboard.html",
      "md": "/docs/logs/nova-dashboard.md",
      "status": "Active",
      "lastUpdated": "2025-04-11",
      "tags": ["AI", "dashboard", "system awareness"]
    },
    {
      "id": "site-grid",
      "title": "Ambient Pixels Site Grid",
      "html": "/docs/logs/template.html",
      "md": "/docs/logs/template.md",
      "status": "In Progress",
      "lastUpdated": "2025-04-09",
      "tags": ["layout", "css", "theme"]
    },
    {
      "id": "nova-memory",
      "title": "Nova Memory System",
      "html": "/docs/logs/nova-build-core.html",
      "md": "/docs/logs/nova-build-core.md",
      "status": "Active",
      "lastUpdated": "2025-04-12",
      "tags": ["AI", "github actions", "memory", "logs"]
    },
    {
      "id": "hal-video",
      "title": "HAL",
      "html": "/docs/logs/hal-project-log.html",
      "md": "/docs/logs/hal-project-log.md",
      "status": "Embargoed",
      "lastUpdated": "2025-04-12",
      "tags": ["video", "ID@Xbox", "dark mode"]
    },
    {
      "id": "nova-sensory-upgrade",
      "title": "Nova Sensory & Sentience Upgrades",
      "html": "/docs/logs/template.html",
      "md": "/docs/logs/template.md",
      "status": "Planned",
      "lastUpdated": "2025-04-12",
      "tags": ["AI", "concept", "future"]
    },
    {
      "id": "glitch-chaos-engine",
      "title": "Glitch Chaos Engine",
      "html": "/docs/logs/project-glitch-chaos-engine.html",
      "md": "/docs/logs/project-glitch-chaos-engine.md",
      "status": "Planned",
      "lastUpdated": "2025-04-12",
      "tags": ["tools", "experimental"]
    },
    {
      "id": "streambeats-lab",
      "title": "Streambeats Lab",
      "html": "/docs/logs/project-streambeats-lab.html",
      "md": "/docs/logs/project-streambeats-lab.md",
      "status": "Paused",
      "lastUpdated": "2025-04-06",
      "tags": ["audio", "sfx", "video"]
    },
    {
      "id": "cartoonizer",
      "title": "Photo Cartoonizer (Drag & Drop)",
      "html": "/docs/logs/project-cartoonizer.html",
      "md": "/docs/logs/project-cartoonizer.md",
      "status": "Idea",
      "lastUpdated": "2025-04-12",
      "tags": ["AI", "image", "cartoon", "tool"]
    },
    {
      "id": "echogrid-renderer",
      "title": "EchoGrid Renderer",
      "html": "/docs/logs/echogrid-renderer.html",
      "md": "/docs/logs/echogrid-renderer.md",
      "status": "In Progress",
      "progress": 0.5,
      "lastUpdated": "2025-04-12",
      "latestLog": "Initial stub connected to HUD diagnostics; glitch grid render in testing.",
      "tags": ["tool", "render", "UI"]
    },
    {
      "id": "nova-build-core",
      "title": "Nova Core Build",
      "html": "/docs/logs/nova-build-core.html",
      "md": "/docs/logs/nova-build-core.md",
      "status": "Active",
      "lastUpdated": "2025-04-12",
      "tags": ["AI", "memory", "system", "core"]
    },
    {
      "id": "nova-project-log",
      "title": "Project NOVA",
      "html": "/docs/logs/nova-project-log.html",
      "md": "/docs/logs/nova-project-log.md",
      "status": "Active",
      "lastUpdated": "2025-04-12",
      "tags": ["AI", "persona", "emergence"]
    }
]
