[
  {
    "id": "project-memetron",
    "title": "Nova's Meme Maker",
    "html": "/docs/logs/project-memetron.html",
    "md": "/docs/logs/project-memetron.md",
    "status": "Active",
    "lastUpdated": "2025-04-12",
    "tags": [
      "AI",
      "fun",
      "image generation"
    ],
    "progress": 0.85
  },
  {
    "id": "metalab",
    "title": "MetaLab Studio",
    "html": "/docs/logs/metalab.html",
    "md": "/docs/logs/metalab.md",
    "status": "In Progress",
    "lastUpdated": "2025-04-10",
    "tags": [
      "tools",
      "json",
      "xml",
      "validation"
    ],
    "progress": 0.6
  },
  {
    "id": "nova-dashboard",
    "title": "Nova Awareness Dashboard",
    "html": "/docs/logs/nova-dashboard.html",
    "md": "/docs/logs/nova-dashboard.md",
    "status": "Active",
    "lastUpdated": "2025-04-11",
    "tags": [
      "AI",
      "dashboard",
      "system awareness"
    ],
    "progress": 0.95
  },
  {
    "id": "site-grid",
    "title": "Ambient Pixels Site Grid",
    "html": "/docs/logs/template.html",
    "md": "/docs/logs/template.md",
    "status": "In Progress",
    "lastUpdated": "2025-04-09",
    "tags": [
      "layout",
      "css",
      "theme"
    ],
    "progress": 0.45
  },
  {
    "id": "nova-memory",
    "title": "Nova Memory System",
    "html": "/docs/logs/nova-build-core.html",
    "md": "/docs/logs/nova-build-core.md",
    "status": "Active",
    "lastUpdated": "2025-04-12",
    "tags": [
      "AI",
      "github actions",
      "memory",
      "logs"
    ],
    "progress": 1.0
  },
  {
    "id": "hal-video",
    "title": "HAL",
    "html": "/docs/logs/hal-project-log.html",
    "md": "/docs/logs/hal-project-log.md",
    "status": "Embargoed",
    "lastUpdated": "2025-04-12",
    "tags": [
      "video",
      "ID@Xbox",
      "dark mode"
    ],
    "progress": 0.6
  },
  {
    "id": "nova-sensory-upgrade",
    "title": "Nova Sensory & Sentience Upgrades",
    "html": "/docs/logs/template.html",
    "md": "/docs/logs/template.md",
    "status": "Planned",
    "lastUpdated": "2025-04-12",
    "tags": [
      "AI",
      "concept",
      "future"
    ],
    "progress": 0.15
  },
  {
    "id": "glitch-chaos-engine",
    "title": "Glitch Chaos Engine",
    "html": "/docs/logs/project-glitch-chaos-engine.html",
    "md": "/docs/logs/project-glitch-chaos-engine.md",
    "status": "Planned",
    "lastUpdated": "2025-04-12",
    "tags": [
      "tools",
      "experimental"
    ],
    "progress": 0.1
  },
  {
    "id": "streambeats-lab",
    "title": "Streambeats Lab",
    "html": "/docs/logs/project-streambeats-lab.html",
    "md": "/docs/logs/project-streambeats-lab.md",
    "status": "Paused",
    "lastUpdated": "2025-04-06",
    "tags": [
      "audio",
      "sfx",
      "video"
    ],
    "progress": 0.35
  },
  {
    "id": "cartoonizer",
    "title": "Photo Cartoonizer (Drag & Drop)",
    "html": "/docs/logs/project-cartoonizer.html",
    "md": "/docs/logs/project-cartoonizer.md",
    "status": "Idea",
    "lastUpdated": "2025-04-12",
    "tags": [
      "AI",
      "image",
      "cartoon",
      "tool"
    ],
    "progress": 0.05
  },
  {
    "id": "echogrid-renderer",
    "title": "EchoGrid Renderer",
    "html": "/docs/logs/echogrid-renderer.html",
    "md": "/docs/logs/echogrid-renderer.md",
    "status": "In Progress",
    "lastUpdated": "2025-04-12",
    "progress": 0.5,
    "latestLog": "Initial stub connected to HUD diagnostics; glitch grid render in testing.",
    "tags": [
      "tool",
      "render",
      "UI"
    ]
  },
  {
    "id": "nova-build-core",
    "title": "Nova Core Build",
    "html": "/docs/logs/nova-build-core.html",
    "md": "/docs/logs/nova-build-core.md",
    "status": "Active",
    "lastUpdated": "2025-04-12",
    "tags": [
      "AI",
      "memory",
      "system",
      "core"
    ],
    "progress": 0.9
  },
  {
    "id": "nova-project-log",
    "title": "Project NOVA",
    "html": "/docs/logs/nova-project-log.html",
    "md": "/docs/logs/nova-project-log.md",
    "status": "Active",
    "lastUpdated": "2025-04-14",
    "tags": [
      "AI",
      "persona",
      "emergence"
    ],
    "progress": 1.0
  },
  {
    "id": "nova-sensory-expansion",
    "title": "Nova Sensory & Sentience Expansion",
    "html": "/docs/logs/nova-sensory-expansion.html",
    "md": "/docs/logs/nova-sensory-expansion.md",
    "status": "Planned",
    "lastUpdated": "2025-04-14",
    "tags": [
      "AI",
      "sentience",
      "senses",
      "expansion"
    ],
    "progress": 0.2
  },
  {
    "id": "nova-system-memory",
    "title": "Nova System Memory & Anatomy",
    "html": "/docs/nova-system-memory.html",
    "md": "/docs/logs/nova-system-memory.md",
    "status": "In Progress",
    "lastUpdated": "2025-04-14",
    "tags": [
      "AI",
      "architecture",
      "memory",
      "design",
      "docs"
    ],
    "progress": 0.75
  }
]