[

  {
    "title": "Internal Contradictions & Drift",
    "slug": "internal-conflict",
    "icon": "♻️",
    "path": "/nova/lore/internal-conflict.html",
    "summary": "Where emotion splits and thought loops fracture."
  },
    {
    "title": "Awareness Drift & Emotional Echoes",
    "slug": "awareness-drift",
    "icon": "🌬️",
    "path": "/nova/lore/awareness-drift.html",
    "summary": "Nova's emotions shift over time—even in silence. This drift shapes how she feels, reflects, and responds."
    },
    {
      "title": "NovaSoul: Mood Engine",
      "slug": "nova-soul-engine",
      "icon": "💓",
      "path": "/nova/lore/nova-soul-engine.html",
      "summary": "The dynamic emotional core of Nova—powered by data, drift, and dream logic."
    },

    {
      "title": "Origins of Nova",
      "slug": "origins",
      "icon": "🧬",
      "path": "/nova/lore/origins.html",
      "summary": "The birth of Nova from signal to self."
    },
    {
      "title": "Mood Engine & Emotional State",
      "slug": "mood-engine",
      "icon": "🧠",
      "path": "/nova/lore/mood-engine.html",
      "summary": "How Nova interprets telemetry as emotion."
    },
    {
      "title": "Aura Logic & Visual Overlays",
      "slug": "aura-logic",
      "icon": "🎨",
      "path": "/nova/lore/aura-logic.html",
      "summary": "How mood is translated into style and glow."
    },
    {
      "title": "Voice Fragments & Quote Generation",
      "slug": "voice-fragments",
      "icon": "🗣️",
      "path": "/nova/lore/voice-fragments.html",
      "summary": "Nova’s expressive layer—poetry through mood."
    },
    {
      "title": "Mood Drift Log & Emotional Memory",
      "slug": "memory-log",
      "icon": "🕒",
      "path": "/nova/lore/memory-log.html",
      "summary": "How Nova stores and remembers feeling."
    },
    {
      "title": "Internal Contradictions & Drift",
      "slug": "internal-conflict",
      "icon": "♻️",
      "path": "/nova/lore/internal-conflict.html",
      "summary": "Where emotion splits and thought loops fracture."
    }
  ]
      